WKT,name,description,Language,Type,LastUpdated,BorderNorth,BorderEast,BorderSouth,BorderWest
"LINESTRING (36.6733369 -1.4204196, 36.6745975 -1.4231506, 36.6748336 -1.4233168, 36.6799088 -1.4251306, 36.681731 -1.4258858, 36.6835334 -1.4264864, 36.6858186 -1.4273337, 36.6864409 -1.4276555, 36.685765 -1.4258, 36.6853895 -1.4248132, 36.6852607 -1.4243735, 36.6852071 -1.423923, 36.685368 -1.4233867, 36.6855719 -1.422711, 36.6856255 -1.4223464, 36.6855504 -1.4215205, 36.685529 -1.4201691, 36.6858294 -1.4187211, 36.685851 -1.418569)",Line 6,,,,,,,,
"LINESTRING (36.7026302 -1.4095487, 36.7026382 -1.4096157, 36.702826 -1.4097471, 36.7029011 -1.4097873, 36.7031344 -1.4097444, 36.7032337 -1.4097739, 36.7034697 -1.4098919, 36.7037138 -1.410278, 36.703628 -1.4107982, 36.7037138 -1.4109537, 36.703864 -1.4109484, 36.7048081 -1.4109001, 36.7050013 -1.4109752, 36.7051622 -1.4110932, 36.7053231 -1.4114042, 36.7063295 -1.4119698, 36.7065548 -1.4119913, 36.7071396 -1.4119913, 36.7078393 -1.4123663, 36.7080915 -1.4124896, 36.7081988 -1.4125808, 36.7085474 -1.4131761, 36.7097062 -1.4136266, 36.7102844 -1.4136263, 36.7109939 -1.4135794, 36.7114083 -1.4136398)",Line 7,,,,,,,,
"LINESTRING (36.6879115 -1.4118594, 36.6896496 -1.4121705, 36.6904435 -1.4122831, 36.6907895 -1.4123662, 36.6908539 -1.4125673, 36.6916639 -1.4127175, 36.6926 -1.4128837, 36.6937239 -1.4130795, 36.6952983 -1.4133691, 36.6957838 -1.4134388, 36.6966287 -1.4133905, 36.697715 -1.4133074, 36.6985358 -1.4132162, 36.6999788 -1.4130339, 36.7003677 -1.4129669, 36.7010141 -1.4129132, 36.7022506 -1.4127926, 36.7024598 -1.4128033, 36.7028783 -1.4128703, 36.703632 -1.4130178, 36.7037741 -1.4130339, 36.7039699 -1.4130285, 36.7041201 -1.4130339, 36.7044581 -1.4130554, 36.7047075 -1.4131009, 36.705193 -1.4132404, 36.7057643 -1.413353, 36.7059631 -1.413435, 36.7059564 -1.4135261, 36.7059175 -1.4139967, 36.7059926 -1.414053, 36.7068 -1.4139243, 36.7068203 -1.4139713, 36.7068016 -1.4144111, 36.7071154 -1.4144674, 36.7072897 -1.4145129, 36.7076196 -1.4146041, 36.7079549 -1.4146041, 36.7082929 -1.4146175, 36.7083224 -1.4143574, 36.7081185 -1.4139177, 36.7080515 -1.4136281, 36.7082258 -1.4134323, 36.708612 -1.4133975, 36.7090439 -1.4134538, 36.709288 -1.4134404)",Line 8,,,,,,,,
"LINESTRING (36.7018207 -1.412815, 36.7018556 -1.4140203, 36.7018717 -1.4146853, 36.7019148 -1.4159897, 36.701947 -1.4171642, 36.7019685 -1.4174699, 36.7020543 -1.4179847, 36.7021026 -1.4183547, 36.7022742 -1.4189661, 36.7024083 -1.4193736, 36.70258 -1.4201673, 36.7027331 -1.4208411, 36.7040192 -1.4202897, 36.7051109 -1.4198311, 36.706401 -1.4192278, 36.7077984 -1.4186218, 36.7080211 -1.4184931, 36.7085392 -1.4180805, 36.7090971 -1.4175764)",Line 9,,,,,,,,
"LINESTRING (36.6872527 -1.4148855, 36.6891463 -1.4154004, 36.6892321 -1.4158187, 36.6894771 -1.4161239, 36.6898419 -1.4161185, 36.6900645 -1.4160903, 36.6902831 -1.4156854, 36.6905336 -1.4157307, 36.6906811 -1.4158085, 36.6909735 -1.415535, 36.6912574 -1.4155431, 36.6916168 -1.4157576, 36.6921961 -1.4156181, 36.6924053 -1.4156771, 36.6926628 -1.4159774, 36.693976 -1.4159373, 36.6943086 -1.416259, 36.6946502 -1.4160045, 36.6947574 -1.4159187, 36.6948822 -1.4159455, 36.695019 -1.4161761, 36.6955232 -1.4168397, 36.6966068 -1.4166091, 36.6972291 -1.4164751, 36.6975188 -1.4164804, 36.6980016 -1.4165555, 36.6984415 -1.4165448, 36.6992837 -1.4165555, 36.6996699 -1.4167539, 36.7000508 -1.4166359, 36.70026 -1.416711, 36.7006248 -1.4166574, 36.7010378 -1.4168129, 36.7013061 -1.4165394, 36.7015314 -1.4164322, 36.7019364 -1.4163678)",Line 10,,,,,,,,
"LINESTRING (36.6955341 -1.4168118, 36.6945814 -1.4178835, 36.6942219 -1.4182723, 36.6934629 -1.4181543, 36.693428 -1.4183903, 36.693133 -1.4189293, 36.692245 -1.4192995, 36.6913224 -1.4197124, 36.6909124 -1.4199092, 36.691084 -1.4200191, 36.6931892 -1.4211008, 36.69482 -1.4219803, 36.6960503 -1.4226519, 36.6960852 -1.422668, 36.6960557 -1.4231882, 36.6964392 -1.422904, 36.6966565 -1.4228021, 36.6968952 -1.4227377, 36.6971715 -1.4226868, 36.697437 -1.42266, 36.6977937 -1.4226251, 36.6981693 -1.4225742, 36.6985904 -1.4224937, 36.6990383 -1.4223275, 36.6994031 -1.4221612, 36.7005296 -1.4217215, 36.7013192 -1.4214022, 36.7019264 -1.4211687, 36.7027331 -1.4208411)",Line 14,,,,,,,,
"LINESTRING (36.6864557 -1.4168904, 36.6870565 -1.4171692, 36.6875259 -1.4173676, 36.6877941 -1.4175339, 36.6880784 -1.4177672, 36.688234 -1.4179227, 36.688462 -1.4181479, 36.6887061 -1.4184134, 36.6889824 -1.4186976, 36.6891916 -1.4189014, 36.6892747 -1.4190087, 36.6893203 -1.4191937, 36.6893858 -1.4196551, 36.6894609 -1.4202128, 36.6895039 -1.4204649, 36.6898955 -1.4203119, 36.6904386 -1.4201108, 36.6908623 -1.4199286, 36.69094 -1.4199125)",Line 15,,,,,,,,
"LINESTRING (36.6895184 -1.4204377, 36.6895264 -1.4205959, 36.6895774 -1.4211214, 36.6896015 -1.4213386, 36.6897007 -1.4217086, 36.689808 -1.422076, 36.6899073 -1.4224085, 36.6901111 -1.4225962, 36.6903123 -1.4227356, 36.6906529 -1.4225613, 36.6908863 -1.4224728, 36.6910338 -1.4224916, 36.6911384 -1.4225747, 36.6914415 -1.4228804, 36.6929779 -1.4244351, 36.6932756 -1.42473, 36.6935787 -1.425025, 36.6936887 -1.4251349, 36.694091 -1.4248105, 36.6944987 -1.4244592, 36.6949574 -1.4240865, 36.695416 -1.4237165, 36.6959471 -1.4232713, 36.6960672 -1.4231691)",Line 16,,,,,,,,
"LINESTRING (36.6855536 -1.4252789, 36.6859787 -1.4251918, 36.6859827 -1.4252427, 36.6862228 -1.4255108, 36.6873907 -1.4267976, 36.6880023 -1.4275698, 36.6883563 -1.4277736, 36.6886567 -1.4281866, 36.6886932 -1.4283123, 36.689046 -1.4286112, 36.6893799 -1.4289813, 36.689223 -1.4291529, 36.6890955 -1.4292655, 36.6889883 -1.4293969, 36.6887702 -1.4296006, 36.6884912 -1.4297991, 36.6881828 -1.4300055, 36.688034 -1.4301087, 36.687995 -1.4301449, 36.6879401 -1.430169, 36.6878851 -1.4301932, 36.6874345 -1.4304124, 36.6871448 -1.4296663, 36.6870067 -1.4293137, 36.6869276 -1.4291046, 36.6864409 -1.4276555)",Line 17,,,,,,,,
"LINESTRING (36.6861381 -1.4254718, 36.6864492 -1.4253163, 36.6867443 -1.4250723, 36.6870742 -1.4247827, 36.6874846 -1.4244207, 36.688139 -1.4238683, 36.6887237 -1.423375, 36.6895525 -1.4226778, 36.6899194 -1.4223836)",Line 14,,,,,,,,
"LINESTRING (36.698836 -1.4224011, 36.6989821 -1.4227564, 36.6991015 -1.4230433, 36.6991779 -1.4232002, 36.6993617 -1.4236064, 36.6997305 -1.4244229, 36.7000041 -1.4250771, 36.7006317 -1.4264124, 36.7006972 -1.4265264, 36.7007925 -1.4267489, 36.7009319 -1.4270251, 36.701058 -1.4273067, 36.7011814 -1.4275748, 36.7012699 -1.4278161, 36.701353 -1.4280226, 36.7014281 -1.428213, 36.7015408 -1.428457, 36.7021475 -1.4300653, 36.7024076 -1.4299795, 36.7025042 -1.430245, 36.7026544 -1.4300975, 36.7028448 -1.4301109, 36.7029171 -1.4301646, 36.7030954 -1.430052, 36.7033194 -1.4300882, 36.7035595 -1.4300673, 36.7037097 -1.4299561, 36.7039865 -1.4299304, 36.7042065 -1.4298178, 36.7043459 -1.4297052, 36.7045605 -1.4296515, 36.7047858 -1.4296033, 36.7051345 -1.4294585, 36.7057836 -1.4291742, 36.7061645 -1.4290509, 36.7064502 -1.4288672, 36.7064784 -1.4286876, 36.7069277 -1.4286447, 36.7073058 -1.4282424, 36.7077187 -1.4280816, 36.7094367 -1.4274582, 36.7101662 -1.4273187, 36.7107885 -1.4267503, 36.7103758 -1.4262533, 36.7097964 -1.4258886, 36.7094316 -1.4259208, 36.7086377 -1.4254382, 36.7080261 -1.4253202, 36.7074682 -1.4252344, 36.7072322 -1.4250091, 36.7068889 -1.4250628, 36.7065134 -1.4250842, 36.7061057 -1.4250949, 36.705816 -1.4250949, 36.7052581 -1.4250628, 36.7048504 -1.4250306, 36.7044642 -1.4248804, 36.7041959 -1.4250949, 36.7037561 -1.4251593, 36.7031445 -1.4254382, 36.7024579 -1.4256312, 36.7016781 -1.4255845, 36.7011578 -1.4257508, 36.7004175 -1.4259573)",Line 17-b,,,,,,,,
"LINESTRING (36.7064364 -1.4192114, 36.7066067 -1.4197181, 36.7066898 -1.4199621, 36.706832 -1.4203992, 36.7069741 -1.4208416, 36.7072976 -1.4218241, 36.7074317 -1.4222531, 36.7075229 -1.4225963, 36.7077536 -1.4233579, 36.7080593 -1.4244519, 36.7082632 -1.4250578, 36.7083436 -1.4251222, 36.708408 -1.4252026, 36.7084317 -1.4253984)",Line 18,,,,,,,,
"LINESTRING (36.7107885 -1.4267503, 36.7110205 -1.4270814, 36.7114926 -1.4271779, 36.7121632 -1.4271887, 36.7124636 -1.4272047, 36.7129732 -1.4276767, 36.7132843 -1.4280199, 36.7144216 -1.4280413, 36.7148829 -1.4280038, 36.7152692 -1.428229, 36.7159665 -1.4285562, 36.716342 -1.4285991, 36.7173827 -1.4284596, 36.7185844 -1.428288, 36.7201231 -1.4276855)",Line 19,,,,,,,,
"LINESTRING (36.672831 -1.41649 0.0, 36.673099 -1.416425 0.0, 36.673303 -1.41635 0.0, 36.674076 -1.416447 0.0, 36.674634 -1.417058 0.0, 36.675138 -1.417348 0.0, 36.675621 -1.417798 0.0, 36.675889 -1.417702 0.0, 36.676275 -1.417766 0.0, 36.676522 -1.417766 0.0, 36.67708 -1.417744 0.0, 36.677455 -1.417734 0.0, 36.677852 -1.417702 0.0, 36.678131 -1.41768 0.0, 36.678496 -1.417766 0.0, 36.67899 -1.417616 0.0, 36.679183 -1.417594 0.0, 36.679483 -1.417755 0.0, 36.67988 -1.417787 0.0, 36.680202 -1.417744 0.0, 36.68047 -1.417691 0.0, 36.680706 -1.417787 0.0, 36.681114 -1.417895 0.0, 36.681758 -1.417895 0.0, 36.68209 -1.418077 0.0, 36.682455 -1.418206 0.0, 36.682788 -1.418281 0.0, 36.683045 -1.418356 0.0, 36.683623 -1.418486 0.0, 36.684202 -1.418491 0.0, 36.68471 -1.418462 0.0, 36.684886 -1.418486 0.0, 36.685039 -1.418502 0.0, 36.685227 -1.41851 0.0, 36.68545 -1.418531 0.0, 36.685721 -1.41855 0.0, 36.685851 -1.418569 0.0, 36.68599 -1.418226 0.0, 36.687384 -1.41497 0.0, 36.687271 -1.414924 0.0)",Line 3,,,,,,,,
"LINESTRING (36.7021475 -1.4300653, 36.7023302 -1.4305067, 36.7023718 -1.4305965, 36.7024281 -1.4307387, 36.7024724 -1.4308928, 36.7026965 -1.4311336, 36.7028681 -1.4315733, 36.7035376 -1.4319081, 36.7039279 -1.4327486, 36.7049243 -1.4352208, 36.7062386 -1.4376341, 36.7078694 -1.4353817, 36.7107447 -1.4329578, 36.7179331 -1.4329149, 36.721983 -1.428813)",Line 20,,,,,,,,
"LINESTRING (36.6935902 -1.4252198, 36.6937699 -1.4256542, 36.693955 -1.4260806, 36.6941642 -1.4266383, 36.6944432 -1.4272764, 36.6948562 -1.4283329, 36.6950654 -1.4288156, 36.6952639 -1.4293411, 36.6956555 -1.4302903, 36.695972 -1.4310679, 36.6960042 -1.431202, 36.6959667 -1.4313146, 36.6956877 -1.4317168, 36.695736 -1.4317865, 36.6969108 -1.4316525, 36.6981554 -1.4314755, 36.6991531 -1.4313521, 36.7000544 -1.4312288, 36.7013955 -1.431025, 36.7014871 -1.4310159, 36.7017097 -1.4309864, 36.7024724 -1.4308928)",Line 21,,,,,,,,
"LINESTRING (36.6893799 -1.4289813, 36.6899393 -1.4283632, 36.6913011 -1.4271629, 36.6936887 -1.4251349)",Line 22,,,,,,,,
"LINESTRING (36.6956877 -1.4317168, 36.6955097 -1.4319567, 36.6953984 -1.4321417, 36.6952495 -1.4323978, 36.6951248 -1.4326243, 36.694768 -1.4333094, 36.6945816 -1.4336714, 36.6940313 -1.4348542, 36.6938624 -1.4351068, 36.6937819 -1.4359112, 36.6947636 -1.436603, 36.695117 -1.4369554, 36.6961791 -1.4365908, 36.6971984 -1.4362476, 36.6981479 -1.4366766, 36.6991188 -1.4364942, 36.6997188 -1.4367727, 36.7002338 -1.4373305, 36.7006683 -1.4376683, 36.7012377 -1.438012, 36.7018274 -1.4383387, 36.7029271 -1.4389393, 36.7032114 -1.439009, 36.7035547 -1.4391216, 36.7042306 -1.4395668, 36.7045364 -1.4396311, 36.7052713 -1.4386444, 36.7062386 -1.4376341)",Line 23,,,,,,,,
"LINESTRING (36.6874345 -1.4304124, 36.6867904 -1.4308398, 36.6862214 -1.4312512, 36.6859425 -1.4316051, 36.685921 -1.4317043, 36.6863274 -1.4317968, 36.6864802 -1.431817, 36.6868048 -1.4319001, 36.6870167 -1.4319081, 36.6871535 -1.4319644, 36.6874271 -1.4320315, 36.6876894 -1.4320462, 36.6878382 -1.4321628, 36.6879723 -1.432313, 36.688254 -1.4325221, 36.6882432 -1.4326347, 36.6883505 -1.4327152, 36.6884739 -1.4326186, 36.6887502 -1.4328385, 36.6887958 -1.4329726, 36.6891183 -1.4331795, 36.689349 -1.4335066, 36.6896387 -1.4338083, 36.6898083 -1.4339819, 36.6900551 -1.4340034, 36.6904789 -1.4341053, 36.690722 -1.4342351, 36.6909124 -1.4340166, 36.691064 -1.4341145, 36.6912008 -1.4342351, 36.691303 -1.4343265, 36.6913781 -1.4343346, 36.691425 -1.4343131, 36.6937819 -1.4359112)",Line 24,,,,,,,,
"LINESTRING (36.685921 -1.4317043, 36.6858177 -1.4320021, 36.6857963 -1.4322113, 36.6857909 -1.4326725, 36.685807 -1.4335895, 36.6858124 -1.4340668, 36.6858043 -1.4341901, 36.6857641 -1.4343966, 36.6855763 -1.4348926, 36.6853109 -1.4355226, 36.6846564 -1.4366488, 36.6831651 -1.4373245, 36.6817596 -1.437968, 36.6786161 -1.4392122, 36.6762664 -1.4401238, 36.6751399 -1.4405421, 36.6742816 -1.4408853, 36.6731551 -1.44125, 36.6680696 -1.4424727, 36.6658166 -1.4430304, 36.6643145 -1.4434165, 36.6640678 -1.4436954, 36.6634803 -1.4447367, 36.6621929 -1.4466887, 36.6614955 -1.4480401, 36.6612917 -1.4485764, 36.6609483 -1.4497669, 36.6606479 -1.4504855, 36.6601866 -1.451365, 36.6592746 -1.4530918, 36.6590386 -1.453553, 36.6586524 -1.4539391, 36.6577833 -1.4546041, 36.6575044 -1.4548722, 36.656925 -1.4555694, 36.6564529 -1.4558911, 36.6551011 -1.4565668, 36.6543716 -1.4571567, 36.6535562 -1.4579719, 36.6533201 -1.4583258, 36.6532288 -1.4592063, 36.6533039 -1.4597962, 36.6535603 -1.4607001, 36.6535924 -1.4611666, 36.6535066 -1.4620086, 36.6534101 -1.4629095, 36.6532116 -1.4633331, 36.652974 -1.463652)",Line 26,,,,,,,,
"LINESTRING (36.6846564 -1.4366488, 36.6849754 -1.4370622, 36.6851296 -1.4372151, 36.6854796 -1.4374658, 36.6858632 -1.4376481, 36.6864921 -1.437813, 36.6869749 -1.4379377, 36.687683 -1.4381187, 36.6881645 -1.4382407, 36.6884488 -1.4383198, 36.6886352 -1.4383989, 36.6888109 -1.4384968, 36.6890416 -1.4386523, 36.6892602 -1.4388641, 36.6893782 -1.4390183, 36.6895002 -1.4392006, 36.6896706 -1.4395961, 36.6898074 -1.440056, 36.689902 -1.440586, 36.689902 -1.4410419, 36.6898428 -1.4414481, 36.6897744 -1.4417471, 36.6896926 -1.4420916, 36.6895933 -1.4425542, 36.6895678 -1.4428397, 36.6895705 -1.4431789, 36.6896134 -1.4434685, 36.6897194 -1.4438359, 36.6898709 -1.4442971, 36.6900453 -1.444828, 36.6902049 -1.445328, 36.6903644 -1.4458067, 36.6904771 -1.4461298, 36.6905785 -1.4466924, 36.6905356 -1.4472501, 36.6904105 -1.4480254, 36.6902898 -1.4487869, 36.6901745 -1.4495618, 36.6900886 -1.4502858, 36.6900404 -1.4509641, 36.6899733 -1.4517498, 36.6899357 -1.4523102, 36.6899062 -1.4528196, 36.6899357 -1.4529805, 36.6900001 -1.4530878, 36.690094 -1.453187, 36.6904829 -1.4528223, 36.6908611 -1.4523611, 36.6912205 -1.4512993, 36.6916899 -1.4508944, 36.6918267 -1.4508059, 36.6920171 -1.4505968, 36.6921593 -1.4504788, 36.6923256 -1.4503394, 36.6924999 -1.4500927, 36.6927199 -1.4498219, 36.6928862 -1.4496342, 36.693082 -1.4493071, 36.6933533 -1.44877, 36.6936603 -1.4468127, 36.6933921 -1.4456651, 36.693258 -1.4452039, 36.6937891 -1.4435147, 36.6939876 -1.4428658, 36.6947067 -1.4386919, 36.694465 -1.4376223, 36.6937819 -1.4359112)",Line 26-b,,,,,,,,
"LINESTRING (36.690094 -1.453187, 36.6906486 -1.4534383, 36.6910687 -1.4535723, 36.6915783 -1.4536205, 36.6921993 -1.4535267, 36.692501 -1.453465, 36.6929168 -1.4534101, 36.6932668 -1.4534114, 36.6936383 -1.4534328, 36.6938689 -1.4534731, 36.6941197 -1.45352, 36.6945033 -1.4536232, 36.6949526 -1.4537466, 36.6979165 -1.4546149, 36.6998584 -1.4551727, 36.7006202 -1.4553979, 36.7003519 -1.4541323, 36.6999228 -1.4517942, 36.6993649 -1.4487053, 36.6984958 -1.4438574, 36.6981715 -1.4419046, 36.6983131 -1.4418471, 36.6985834 -1.4418217, 36.6989953 -1.4417924, 36.6984496 -1.4392695, 36.698107 -1.4380885, 36.6977748 -1.4370636, 36.6971984 -1.4362476)",Line 27,,,,,,,,
"LINESTRING (36.7006202 -1.4553979, 36.701394 -1.455644, 36.7024866 -1.456095, 36.7061344 -1.4543467, 36.713726 -1.4490695, 36.7145456 -1.4421348, 36.7156597 -1.438811, 36.7139539 -1.4358079, 36.7135732 -1.4329399)",Line 28,,,,,,,,
"LINESTRING (36.7024866 -1.456095, 36.7030199 -1.4563048, 36.7036783 -1.4567384, 36.704181 -1.4571577, 36.7046102 -1.4576832, 36.7056187 -1.4590561, 36.7071851 -1.461169, 36.7084339 -1.4625341, 36.709437 -1.4631937, 36.7123938 -1.464668, 36.715194 -1.4660516, 36.7161167 -1.4664055, 36.7173398 -1.4666951, 36.7194105 -1.4670705, 36.721567 -1.4673171, 36.7239087 -1.4673637, 36.7264192 -1.467235, 36.7297773 -1.4672779, 36.7317729 -1.4675675, 36.7345087 -1.468211, 36.7367921 -1.4688005, 36.7389915 -1.4693904, 36.7400751 -1.4697014, 36.7409119 -1.4701305, 36.7422638 -1.4688863, 36.7443881 -1.4678138, 36.7453751 -1.4673312, 36.7469845 -1.4675028, 36.7523428 -1.4652313, 36.7570611 -1.4657729, 36.7595502 -1.4646575, 36.7602838 -1.4640117, 36.7619897 -1.4644193, 36.763481 -1.4637436, 36.7637921 -1.4640546, 36.7645968 -1.4634862, 36.7641516 -1.4629314, 36.7643126 -1.4623952, 36.7651387 -1.4621377, 36.7657931 -1.4626526, 36.7674347 -1.4633819, 36.7696663 -1.4641756, 36.770984 -1.464161)",Line 29,,,,,,,,
"LINESTRING (36.6766665 -1.4399637, 36.6768046 -1.4403243, 36.6770293 -1.4408964, 36.6771675 -1.4412248, 36.6773364 -1.4416485, 36.6775014 -1.4420775, 36.6776476 -1.4424395, 36.6778595 -1.4429516, 36.6780137 -1.4433163, 36.6781813 -1.4437426, 36.6783691 -1.4442012, 36.6786266 -1.4448634, 36.6789136 -1.4455499, 36.6791308 -1.4460513, 36.6791255 -1.4464052, 36.6790933 -1.4467887, 36.6790075 -1.447695, 36.6788946 -1.4493434, 36.6788946 -1.4495418, 36.6786317 -1.4496759, 36.6785727 -1.4498421, 36.6783796 -1.4500137, 36.6792647 -1.4498046, 36.6794364 -1.449574, 36.6794525 -1.4491289, 36.6804234 -1.4483245, 36.6809867 -1.4481153, 36.6817756 -1.4481797, 36.6825186 -1.4479759, 36.6828593 -1.4477158, 36.6829907 -1.4471205, 36.6834423 -1.4467488, 36.6837078 -1.4465692, 36.6841128 -1.4464324, 36.6846627 -1.4457808, 36.6849559 -1.4455284, 36.685546 -1.4456463, 36.6859644 -1.4452817, 36.6863494 -1.4452406, 36.6867759 -1.4450743, 36.6873472 -1.4449644, 36.6876878 -1.4450663, 36.6879829 -1.4452245, 36.6882135 -1.4452593, 36.6882994 -1.4451789, 36.6883181 -1.4450502, 36.6884952 -1.4449215, 36.6887822 -1.4447874, 36.689155 -1.4446882, 36.6896056 -1.4444844, 36.6898709 -1.4442971)",Line 30,,,,,,,,
"LINESTRING (36.6783796 -1.4500137, 36.6781586 -1.4505037, 36.677759 -1.4511794, 36.6774402 -1.4516103, 36.6772605 -1.4518329, 36.6768394 -1.4519267, 36.6765363 -1.4519562, 36.6761425 -1.4523523, 36.6755685 -1.4524435, 36.6750187 -1.4525722, 36.6749087 -1.4526151, 36.674796 -1.4528457, 36.6743937 -1.4529369, 36.6740021 -1.4530227, 36.6732672 -1.4537654, 36.6728783 -1.4536662, 36.6725564 -1.4539612, 36.6717358 -1.4545008, 36.6716446 -1.4542273, 36.671371 -1.4539431, 36.6708292 -1.4531816, 36.6702552 -1.452345, 36.6692772 -1.4509341, 36.6690854 -1.4507343, 36.6689137 -1.450556, 36.6681685 -1.4502129, 36.6668864 -1.4495855, 36.6652664 -1.4488829, 36.663775 -1.4481965, 36.6618566 -1.4473334)",Line 31,,,,,,,,
"LINESTRING (36.7409119 -1.4701305, 36.7413368 -1.4704729, 36.7416962 -1.4708563, 36.7421897 -1.4715803, 36.7425599 -1.4721782, 36.7429998 -1.4729048, 36.7434531 -1.4736395, 36.7449708 -1.4761879, 36.746033 -1.4782471, 36.7473526 -1.4808963, 36.7491014 -1.4842855, 36.7498565 -1.4857398, 36.7508275 -1.485461, 36.751836 -1.485166, 36.7531395 -1.4849032, 36.7549527 -1.4843831, 36.7580533 -1.4836269, 36.7601562 -1.4830692, 36.762302 -1.4824686, 36.7662502 -1.4815033, 36.7671057 -1.4812558)",Line 32,,,,,,,,
"LINESTRING (36.7498565 -1.4857398, 36.7500712 -1.4862219, 36.7503797 -1.4867676, 36.7506801 -1.4873065, 36.7510301 -1.4879366, 36.7511454 -1.488127, 36.7513788 -1.4885359, 36.7518026 -1.4892867, 36.7521459 -1.4898899, 36.7527394 -1.4909451, 36.7532491 -1.4918138, 36.7537855 -1.4927737, 36.7544131 -1.4938784, 36.7551534 -1.4952084, 36.7562585 -1.4969351, 36.7568593 -1.4976752, 36.7577659 -1.4987745, 36.7584633 -1.499654, 36.7594278 -1.5008153, 36.7598127 -1.5012846, 36.7602257 -1.5017994, 36.760561 -1.502215, 36.7624191 -1.5049052, 36.76361 -1.5067821, 36.7652193 -1.5089378, 36.7674294 -1.5118872, 36.768798 -1.513614)",Line 33,,,,,,,,
"LINESTRING (36.759315 -1.5006812, 36.7591004 -1.5010995, 36.7587584 -1.5011625, 36.7586351 -1.5014524, 36.7583186 -1.5017581, 36.7583079 -1.5019619, 36.757632 -1.5025357, 36.7571599 -1.5030183, 36.7563231 -1.5035653, 36.7553789 -1.5036082, 36.754467 -1.5032757, 36.7529656 -1.5020161, 36.750262 -1.5021877, 36.7460992 -1.5014155, 36.7421939 -1.5017158, 36.7403461 -1.5025593, 36.7359688 -1.4989985, 36.7323639 -1.4977973, 36.7258837 -1.4983979, 36.7219354 -1.4986124, 36.7203724 -1.5001231, 36.71857 -1.5002947, 36.7177116 -1.4996512, 36.7132055 -1.5016246, 36.7091715 -1.5025255, 36.7059958 -1.5023539, 36.7047941 -1.5016675, 36.699773 -1.5060433, 36.700808 -1.513604)",Line 35,,,,,,,,
"POLYGON ((36.753461 -1.519962, 36.754893 -1.51945, 36.759627 -1.516774, 36.764797 -1.51425, 36.767911 -1.514127, 36.768798 -1.513614, 36.772123 -1.518179, 36.772837 -1.517745, 36.776988 -1.515075, 36.778533 -1.514116, 36.778851 -1.513906, 36.779278 -1.513591, 36.779519 -1.513064, 36.780041 -1.512853, 36.780446 -1.512852, 36.781366 -1.512745, 36.781771 -1.512744, 36.782457 -1.513055, 36.782844 -1.513264, 36.783349 -1.513265, 36.783845 -1.51337, 36.784129 -1.51358, 36.78467 -1.51316, 36.785002 -1.512844, 36.785232 -1.512527, 36.785483 -1.511999, 36.785642 -1.511362, 36.78628 -1.511044, 36.786908 -1.509689, 36.787006 -1.509274, 36.786816 -1.508724, 36.786895 -1.508239, 36.787283 -1.507976, 36.787226 -1.507396, 36.786978 -1.506745, 36.786626 -1.50609, 36.786543 -1.505871, 36.784626 -1.50337, 36.783514 -1.50261, 36.782174 -1.502348, 36.781897 -1.5019, 36.781418 -1.501341, 36.781329 -1.50112, 36.780843 -1.500567, 36.780454 -1.500123, 36.780261 -1.499897, 36.779876 -1.499443, 36.779511 -1.498651, 36.779323 -1.498312, 36.778939 -1.497746, 36.778751 -1.497405, 36.778576 -1.496836, 36.778381 -1.496606, 36.777772 -1.496258, 36.777381 -1.495791, 36.777089 -1.495437, 36.776796 -1.495082, 36.776409 -1.494498, 36.775898 -1.494149, 36.775592 -1.493918, 36.775079 -1.49357, 36.774885 -1.493221, 36.774277 -1.492639, 36.773761 -1.492289, 36.773357 -1.491822, 36.772929 -1.491822, 36.772315 -1.491236, 36.77201 -1.490883, 36.771382 -1.490533, 36.770957 -1.490418, 36.770331 -1.489954, 36.770228 -1.489838, 36.769488 -1.489487, 36.769492 -1.489371, 36.768987 -1.488541, 36.768674 -1.488294, 36.768067 -1.487217, 36.767872 -1.486617, 36.767559 -1.486259, 36.767138 -1.485898, 36.766823 -1.48554, 36.766851 -1.484696, 36.766862 -1.484333, 36.767028 -1.48173, 36.767032 -1.481624, 36.767156 -1.480982, 36.767273 -1.480554, 36.767296 -1.479912, 36.767524 -1.479264, 36.767643 -1.47883, 36.767666 -1.478182, 36.76779 -1.477635, 36.76792 -1.476973, 36.767933 -1.476639, 36.768637 -1.471746, 36.770984 -1.464161, 36.772314 -1.457352, 36.772452 -1.456743, 36.773566 -1.451546, 36.76972 -1.454705, 36.75754 -1.454545, 36.754234 -1.454668, 36.753588 -1.454761, 36.752918 -1.454809, 36.745295 -1.455599, 36.745062 -1.455603, 36.74491 -1.455428, 36.74461 -1.454991, 36.74434 -1.454457, 36.744114 -1.45419, 36.744008 -1.453742, 36.743813 -1.453292, 36.743751 -1.453113, 36.743526 -1.452843, 36.743313 -1.452482, 36.743176 -1.452211, 36.742724 -1.451668, 36.742365 -1.451035, 36.742134 -1.450763, 36.741664 -1.450222, 36.74128 -1.44968, 36.741044 -1.449409, 36.740816 -1.449047, 36.74035 -1.448411, 36.740042 -1.447955, 36.73989 -1.447683, 36.739334 -1.447041, 36.739091 -1.446768, 36.738929 -1.446586, 36.738367 -1.445857, 36.738039 -1.445579, 36.737726 -1.445117, 36.7375 -1.444655, 36.737161 -1.444382, 36.737003 -1.444107, 36.73652 -1.44346, 36.736054 -1.442708, 36.735749 -1.442142, 36.735351 -1.441576, 36.735043 -1.441007, 36.734626 -1.440626, 36.734127 -1.44015, 36.733889 -1.439768, 36.733482 -1.439286, 36.73332 -1.439092, 36.732935 -1.43832, 36.732705 -1.437836, 36.732301 -1.437252, 36.732053 -1.43696, 36.731924 -1.436372, 36.731797 -1.435689, 36.73163 -1.435494, 36.731412 -1.434896, 36.731274 -1.434397, 36.730847 -1.43409, 36.730697 -1.433691, 36.73046 -1.433284, 36.729976 -1.432479, 36.72982 -1.432082, 36.729487 -1.431583, 36.729241 -1.431181, 36.728914 -1.430579, 36.72875 -1.430277, 36.728429 -1.429572, 36.728038 -1.428718, 36.728006 -1.428718, 36.727805 -1.42879, 36.72771 -1.42879, 36.72751 -1.428862, 36.72741 -1.428898, 36.72731 -1.428933, 36.727182 -1.428935, 36.727071 -1.428828, 36.726849 -1.42883, 36.726583 -1.428719, 36.726433 -1.428681, 36.726192 -1.428607, 36.726071 -1.42857, 36.72581 -1.42861, 36.725675 -1.42865, 36.72538 -1.428693, 36.725316 -1.428694, 36.72505 -1.428771, 36.724986 -1.428772, 36.724795 -1.428774, 36.724605 -1.428774, 36.724423 -1.428736, 36.724266 -1.428734, 36.724146 -1.428696, 36.72399 -1.428694, 36.723865 -1.428693, 36.723646 -1.42869, 36.723519 -1.428691, 36.723288 -1.428766, 36.72322 -1.428803, 36.72306 -1.428805, 36.722868 -1.428809, 36.722677 -1.428812, 36.722322 -1.428885, 36.722259 -1.428885, 36.722046 -1.428813, 36.721983 -1.428813, 36.721888 -1.428813, 36.72177 -1.42874, 36.721652 -1.428667, 36.721534 -1.428593, 36.721364 -1.428409, 36.721304 -1.428372, 36.721182 -1.428333, 36.721126 -1.42826, 36.720982 -1.428083, 36.720927 -1.427976, 36.720841 -1.427836, 36.720686 -1.427767, 36.720558 -1.427769, 36.720425 -1.427841, 36.720297 -1.427843, 36.709 -1.417539, 36.710911 -1.41575, 36.712194 -1.410132, 36.704502 -1.404939, 36.702644 -1.409579, 36.702451 -1.409496, 36.701113 -1.409448, 36.700384 -1.409387, 36.69983 -1.409739, 36.699484 -1.409778, 36.698662 -1.410068, 36.698056 -1.410122, 36.697769 -1.410224, 36.697505 -1.410246, 36.697382 -1.410361, 36.697119 -1.410453, 36.696973 -1.410291, 36.69626 -1.410392, 36.694658 -1.410548, 36.694406 -1.410738, 36.694036 -1.410504, 36.693639 -1.410436, 36.693097 -1.410589, 36.691197 -1.409748, 36.69086 -1.4094, 36.688472 -1.409005, 36.687947 -1.409088, 36.687888 -1.413763, 36.687271 -1.414924, 36.685449 -1.414365, 36.684047 -1.413001, 36.68342 -1.412671, 36.682156 -1.412409, 36.680865 -1.411884, 36.678873 -1.411714, 36.676847 -1.411416, 36.675784 -1.411426, 36.674531 -1.410814, 36.672145 -1.409421, 36.671774 -1.409132, 36.671362 -1.409289, 36.673361 -1.419227, 36.673361 -1.420438, 36.672063 -1.420485, 36.671923 -1.420156, 36.670503 -1.419888, 36.669124 -1.419823, 36.666095 -1.418125, 36.663002 -1.418208, 36.662928 -1.418318, 36.662466 -1.417902, 36.661 -1.4176, 36.658622 -1.417895, 36.654069 -1.420207, 36.645235 -1.424213, 36.638389 -1.425537, 36.639676 -1.434215, 36.640463 -1.447055, 36.64076 -1.452033, 36.641415 -1.45378, 36.642525 -1.45807, 36.643019 -1.458274, 36.644439 -1.458078, 36.645309 -1.458015, 36.64744 -1.458898, 36.649601 -1.46028, 36.651453 -1.462463, 36.652296 -1.463293, 36.652974 -1.463652, 36.654763 -1.466807, 36.655953 -1.469111, 36.656569 -1.4706, 36.658168 -1.474325, 36.659057 -1.476576, 36.659378 -1.477471, 36.65986 -1.478567, 36.660615 -1.48045, 36.660849 -1.480853, 36.661395 -1.481464, 36.662213 -1.482348, 36.662814 -1.485334, 36.663385 -1.486141, 36.664893 -1.488616, 36.666165 -1.490707, 36.666209 -1.491138, 36.670488 -1.492729, 36.670671 -1.494697, 36.670965 -1.49512, 36.672478 -1.4957, 36.674098 -1.496876, 36.674558 -1.496955, 36.676312 -1.496725, 36.677674 -1.496817, 36.680062 -1.498052, 36.6836 -1.501314, 36.683653 -1.5023, 36.684577 -1.502776, 36.685254 -1.502522, 36.688148 -1.503904, 36.688346 -1.505784, 36.689476 -1.505871, 36.68977 -1.506881, 36.690815 -1.507038, 36.69422 -1.509459, 36.699014 -1.512539, 36.700808 -1.513604, 36.708314 -1.509615, 36.709857 -1.511009, 36.712923 -1.512615, 36.713661 -1.512439, 36.716943 -1.513117, 36.717745 -1.515465, 36.719061 -1.517383, 36.725369 -1.51725, 36.730507 -1.517749, 36.732451 -1.518149, 36.735281 -1.518129, 36.737944 -1.517928, 36.738228 -1.517954, 36.741598 -1.519517, 36.74576 -1.519308, 36.753461 -1.519962))",Rimpa Congregation Territory Map,,Kiswahili,Urban,2022-05-03,Ngong Hills; Kiserian Kamuranga Road; Stream; Oloika Rd,Oloika Road; Rimpa Road,Nkarusa Road,Stream; Loipoksen Road; Ngong Hills
"LINESTRING (36.672831 -1.41649 0.0, 36.673099 -1.416425 0.0, 36.673303 -1.41635 0.0, 36.674076 -1.416447 0.0, 36.674634 -1.417058 0.0, 36.675138 -1.417348 0.0, 36.675621 -1.417798 0.0, 36.675889 -1.417702 0.0, 36.676275 -1.417766 0.0, 36.676522 -1.417766 0.0, 36.67708 -1.417744 0.0, 36.677455 -1.417734 0.0, 36.677852 -1.417702 0.0, 36.678131 -1.41768 0.0, 36.678496 -1.417766 0.0, 36.67899 -1.417616 0.0, 36.679183 -1.417594 0.0, 36.679483 -1.417755 0.0, 36.67988 -1.417787 0.0, 36.680202 -1.417744 0.0, 36.68047 -1.417691 0.0, 36.680706 -1.417787 0.0, 36.681114 -1.417895 0.0, 36.681758 -1.417895 0.0, 36.68209 -1.418077 0.0, 36.682455 -1.418206 0.0, 36.682788 -1.418281 0.0, 36.683045 -1.418356 0.0, 36.683623 -1.418486 0.0, 36.684202 -1.418491 0.0, 36.68471 -1.418462 0.0, 36.684886 -1.418486 0.0, 36.685039 -1.418502 0.0, 36.685227 -1.41851 0.0, 36.68545 -1.418531 0.0, 36.685721 -1.41855 0.0, 36.685851 -1.418569 0.0, 36.68599 -1.418226 0.0, 36.687384 -1.41497 0.0, 36.687271 -1.414924 0.0)",Line 3,,,,,,,,
"LINESTRING (36.7011818 -1.4555751, 36.7012422 -1.4560282, 36.7013065 -1.4562584, 36.7014191 -1.4568429, 36.7015479 -1.4574864, 36.7017678 -1.4586769, 36.7018376 -1.4591917, 36.7020575 -1.460082, 36.7021594 -1.4604305, 36.7022775 -1.4609775, 36.7024453 -1.4615823, 36.7030694 -1.4640141, 36.703284 -1.4656229, 36.7034771 -1.4674998, 36.7037561 -1.4697521, 36.7040565 -1.4726373, 36.7040994 -1.4729483, 36.7040028 -1.4751684, 36.7038097 -1.4779784, 36.703638 -1.4822793, 36.7035257 -1.4838717, 36.7034559 -1.4855716, 36.7033808 -1.4870356, 36.7033218 -1.488446, 36.703354 -1.4893737, 36.7034828 -1.4911434, 36.7036866 -1.4924197, 36.7038583 -1.4933796, 36.7041587 -1.4947953, 36.7043089 -1.4958678, 36.7043411 -1.4961735, 36.7047941 -1.5016675)",Line 36,,,,,,,,
"LINESTRING (36.7034466 -1.4857618, 36.7041024 -1.4858355, 36.7047569 -1.4859092, 36.7052931 -1.4859627, 36.7056042 -1.486011, 36.7065376 -1.4861075, 36.7076051 -1.4862469, 36.7086941 -1.4863274, 36.7092896 -1.4863863, 36.7102927 -1.4865204, 36.7123205 -1.4867885, 36.7131947 -1.4868856, 36.7149971 -1.4871376, 36.7159842 -1.4872449, 36.716827 -1.4873498, 36.7183344 -1.4875482, 36.7195146 -1.487693, 36.7308442 -1.485312, 36.7333977 -1.4840679, 36.7357795 -1.4843039, 36.7391698 -1.4843253, 36.7419164 -1.4843253, 36.7443197 -1.4838105, 36.7481779 -1.4824941)",Line 37,,,,,,,,
"LINESTRING (36.6775171 -1.4515008, 36.6787033 -1.451786, 36.6786121 -1.4524296, 36.6787677 -1.4530677, 36.6787784 -1.4535557, 36.6788535 -1.4536952, 36.6790471 -1.4549828, 36.679326 -1.4571494, 36.6793582 -1.4574175, 36.6792938 -1.4584364, 36.6790363 -1.4603348, 36.6788432 -1.4622654, 36.6787681 -1.4628123, 36.6787037 -1.4638527, 36.6786394 -1.4648287, 36.6786789 -1.4652738, 36.6787164 -1.4658583, 36.6785877 -1.4664429, 36.6783946 -1.466947, 36.6782336 -1.467376, 36.6784496 -1.4676883, 36.6788144 -1.4677741, 36.6790075 -1.467742, 36.6798766 -1.4684713, 36.6828377 -1.4690183, 36.6845114 -1.4692542, 36.6872151 -1.4697798, 36.6900368 -1.470316, 36.6932984 -1.4710239, 36.7006754 -1.471425, 36.7022203 -1.4712105, 36.7038701 -1.4708268)",Line 38,,,,,,,,
"LINESTRING (36.6739167 -1.4967429, 36.6784014 -1.4875193, 36.6864695 -1.4886561, 36.6872634 -1.4890959, 36.6882719 -1.4895999, 36.689259 -1.4898788, 36.690703 -1.4901784, 36.693116 -1.4899104, 36.6943928 -1.4897549, 36.6955622 -1.4895619, 36.6968872 -1.4893527, 36.6986628 -1.4890953, 36.7001522 -1.4888499, 36.7015148 -1.4886676, 36.7024697 -1.4884745, 36.703328 -1.488378)",Line 39,,,,,,,,
"LINESTRING (36.6782336 -1.467376, 36.678045 -1.4676692, 36.6778732 -1.4680979, 36.6771866 -1.4694815, 36.6764838 -1.4705487, 36.6761298 -1.4709562, 36.6759045 -1.4714496, 36.6758723 -1.4718572, 36.6758937 -1.4722862, 36.6756148 -1.4740988, 36.6756173 -1.4768276, 36.6756912 -1.4775259, 36.6763671 -1.4789202, 36.6770948 -1.4811556, 36.6770519 -1.4827966, 36.677008 -1.4841109, 36.6772976 -1.4859771, 36.6784014 -1.4875193)",Line 40,,,,,,,,
"LINESTRING (36.6548349 -1.4669448, 36.6552157 -1.4668067, 36.6555631 -1.466674, 36.6565396 -1.4663253, 36.6572396 -1.4660448, 36.6582159 -1.4656694, 36.661971 -1.4648114, 36.6623455 -1.4651969, 36.6636651 -1.4648859, 36.6654998 -1.4645266, 36.6665547 -1.4643128, 36.6684805 -1.4639053, 36.6694622 -1.463664, 36.6701918 -1.4637873, 36.6715273 -1.4640917, 36.672912 -1.4652289, 36.6754226 -1.4655507, 36.6763989 -1.4660012, 36.6778795 -1.4662049, 36.6787164 -1.4658583)",Line 41,,,,,,,,
"LINESTRING (36.6584372 -1.4179868, 36.6585029 -1.4182723, 36.6585807 -1.4188354, 36.6588853 -1.4202181, 36.6588049 -1.4203521, 36.6588585 -1.4205666, 36.6588424 -1.4207168, 36.6588102 -1.4209796, 36.6589198 -1.4215024, 36.6593167 -1.4218563, 36.6596601 -1.4232345, 36.6606644 -1.4273005, 36.6617766 -1.4317902, 36.6621306 -1.4330237, 36.6624847 -1.4345038, 36.6628816 -1.4360054, 36.6631284 -1.4369921, 36.6635039 -1.438247, 36.6643408 -1.4415075, 36.6644159 -1.4417756, 36.6645339 -1.4421618, 36.6646197 -1.4425908, 36.6646324 -1.4428844, 36.6646833 -1.4430051, 36.6652225 -1.4431847)",Line 42,,,,,,,,
